"Pass []","re(Mode(1)) [g]"
1,1.35006050082947
2,2.57574278961132
3,3.56847701858108
4,4.18697056739058
5,4.35424231762024
6,4.46843930157451
