"Pass []","re(Mode(1)) [g]"
1,2.55927538391983
2,3.83768286716303
3,4.01478559005357
4,4.11279518528293
5,4.17650942776239
6,4.21706585596323
7,4.24231892997785
8,4.26314977021557
9,4.27967004785979
10,4.29165158487279
11,4.30185557426365
12,4.30960320183267
13,4.31690438966059
14,4.32065244615986
15,
16,
17,
